[{"model": "contenttypes.contenttype", "pk": 1, "fields": {"app_label": "admin", "model": "logentry"}}, {"model": "contenttypes.contenttype", "pk": 2, "fields": {"app_label": "auth", "model": "permission"}}, {"model": "contenttypes.contenttype", "pk": 3, "fields": {"app_label": "auth", "model": "group"}}, {"model": "contenttypes.contenttype", "pk": 4, "fields": {"app_label": "contenttypes", "model": "contenttype"}}, {"model": "contenttypes.contenttype", "pk": 5, "fields": {"app_label": "sessions", "model": "session"}}, {"model": "contenttypes.contenttype", "pk": 6, "fields": {"app_label": "base", "model": "profile"}}, {"model": "contenttypes.contenttype", "pk": 7, "fields": {"app_label": "base", "model": "user"}}, {"model": "contenttypes.contenttype", "pk": 8, "fields": {"app_label": "base", "model": "userprofilesprogram"}}, {"model": "contenttypes.contenttype", "pk": 9, "fields": {"app_label": "base", "model": "parameter"}}, {"model": "contenttypes.contenttype", "pk": 10, "fields": {"app_label": "business", "model": "survey"}}, {"model": "contenttypes.contenttype", "pk": 11, "fields": {"app_label": "business", "model": "period"}}, {"model": "contenttypes.contenttype", "pk": 12, "fields": {"app_label": "business", "model": "campus"}}, {"model": "contenttypes.contenttype", "pk": 13, "fields": {"app_label": "core", "model": "program"}}, {"model": "contenttypes.contenttype", "pk": 14, "fields": {"app_label": "core", "model": "skillsgroup"}}, {"model": "contenttypes.contenttype", "pk": 15, "fields": {"app_label": "core", "model": "skill"}}, {"model": "contenttypes.contenttype", "pk": 16, "fields": {"app_label": "core", "model": "subjectsgroup"}}, {"model": "contenttypes.contenttype", "pk": 17, "fields": {"app_label": "core", "model": "level"}}, {"model": "contenttypes.contenttype", "pk": 18, "fields": {"app_label": "core", "model": "subject"}}, {"model": "contenttypes.contenttype", "pk": 19, "fields": {"app_label": "core", "model": "indicator"}}, {"model": "contenttypes.contenttype", "pk": 20, "fields": {"app_label": "core", "model": "skillleveldescription"}}, {"model": "contenttypes.contenttype", "pk": 21, "fields": {"app_label": "log", "model": "action"}}, {"model": "contenttypes.contenttype", "pk": 22, "fields": {"app_label": "log", "model": "log"}}, {"model": "contenttypes.contenttype", "pk": 23, "fields": {"app_label": "term", "model": "course"}}, {"model": "contenttypes.contenttype", "pk": 24, "fields": {"app_label": "term", "model": "feedback"}}, {"model": "contenttypes.contenttype", "pk": 25, "fields": {"app_label": "term", "model": "tempfeedbackmessage"}}, {"model": "contenttypes.contenttype", "pk": 26, "fields": {"app_label": "term", "model": "tempfedbackscore"}}, {"model": "contenttypes.contenttype", "pk": 27, "fields": {"app_label": "term", "model": "finalscoreevaluation"}}, {"model": "contenttypes.contenttype", "pk": 28, "fields": {"app_label": "term", "model": "tempscoreevaluation"}}, {"model": "contenttypes.contenttype", "pk": 29, "fields": {"app_label": "term", "model": "finalindicatorevaluation"}}, {"model": "contenttypes.contenttype", "pk": 30, "fields": {"app_label": "term", "model": "tempfinalindicatorevaluation"}}, {"model": "contenttypes.contenttype", "pk": 31, "fields": {"app_label": "topology", "model": "nodetype"}}, {"model": "contenttypes.contenttype", "pk": 32, "fields": {"app_label": "topology", "model": "nodetypeparent"}}, {"model": "contenttypes.contenttype", "pk": 33, "fields": {"app_label": "topology", "model": "node"}}, {"model": "sessions.session", "pk": "21o018cegyzcegwpkpmikgbu4g1jltr3", "fields": {"session_data": "YWMwMGZiMzhlZjc3MGU5NTA2ODU1MjJjODllZTc4NzhmNDFjYWY5NTp7Il9hdXRoX3VzZXJfaWQiOiIxIiwiX2F1dGhfdXNlcl9iYWNrZW5kIjoiZGphbmdvLmNvbnRyaWIuYXV0aC5iYWNrZW5kcy5Nb2RlbEJhY2tlbmQiLCJfYXV0aF91c2VyX2hhc2giOiI3NWVjZjJkMGQ0ODQ2MzUwOGQxMTBiMDgzMDg2NTQ2MTQ0ZWNkNGI1In0=", "expire_date": "2018-04-06T04:07:24.645Z"}}, {"model": "sessions.session", "pk": "3cxlutwx31p48s6dqwu656dxqgyrekqu", "fields": {"session_data": "M2RhZWM3YTFmZTY0Y2M3ZTE5NDEzYzQ2MmM5MjY4Yzc1Yzg1NWMxNjp7Il9hdXRoX3VzZXJfaWQiOiIyIiwiX2F1dGhfdXNlcl9iYWNrZW5kIjoiZGphbmdvLmNvbnRyaWIuYXV0aC5iYWNrZW5kcy5Nb2RlbEJhY2tlbmQiLCJfYXV0aF91c2VyX2hhc2giOiJiZTdhNmE5YTBlY2QwNjg0M2VmNDYwYjgxMjlhMzM5YzNkZWRjODRlIn0=", "expire_date": "2018-04-06T06:33:16.999Z"}}, {"model": "base.profile", "pk": "admin", "fields": {"name": "Admin", "description": "", "is_deleted": false, "created_ts": "2018-03-23T06:09:36.318Z", "updated_ts": "2018-03-23T06:09:36.318Z"}}, {"model": "base.profile", "pk": "student", "fields": {"name": "Estudiante", "description": "", "is_deleted": false, "created_ts": "2018-03-23T06:13:09.526Z", "updated_ts": "2018-03-23T06:13:09.526Z"}}, {"model": "base.profile", "pk": "teacher", "fields": {"name": "Profesor", "description": "profesor", "is_deleted": false, "created_ts": "2018-03-23T05:00:43.324Z", "updated_ts": "2018-03-23T05:00:43.324Z"}}, {"model": "base.parameter", "pk": 1, "fields": {"is_deleted": false, "created_ts": "2018-03-23T06:30:05.109Z", "updated_ts": "2018-03-23T06:30:05.109Z", "name": "score", "code": "score", "value": "{\r\n\"min\": 0,\r\n\"max\": 3,\r\n\"values\": [0,1,2,3],\r\n\"step\":1\r\n}", "program": null}}, {"model": "business.survey", "pk": 1, "fields": {"name": "E-Composici\u00f3n y Color", "code": "E-AAC111", "description": "", "is_deleted": false, "created_ts": "2018-03-22T17:37:31.862Z", "updated_ts": "2018-03-22T18:41:46.472Z", "checksum": "", "indicator": [1, 2, 3, 4]}}, {"model": "business.survey", "pk": 2, "fields": {"name": "E-Dise\u00f1o Arquitect\u00f3nico I", "code": "E-ADA118", "description": "", "is_deleted": false, "created_ts": "2018-03-22T18:43:21.105Z", "updated_ts": "2018-03-22T18:43:21.105Z", "checksum": "", "indicator": [5, 6, 7, 8, 9, 10, 11, 12, 13, 14, 15]}}, {"model": "business.survey", "pk": 3, "fields": {"name": "E-Introducci\u00f3n al Arte", "code": "E-AHA113", "description": "", "is_deleted": false, "created_ts": "2018-03-22T18:44:07.951Z", "updated_ts": "2018-03-22T18:44:07.951Z", "checksum": "", "indicator": [16, 17, 18, 19]}}, {"model": "business.survey", "pk": 4, "fields": {"name": "E-Matem\u00e1tica", "code": "E-AAM116", "description": "", "is_deleted": false, "created_ts": "2018-03-22T18:45:31.762Z", "updated_ts": "2018-03-22T18:45:31.762Z", "checksum": "", "indicator": [20, 21]}}, {"model": "business.survey", "pk": 5, "fields": {"name": "E-Medios de Observaci\u00f3n", "code": "E-AAM115", "description": "", "is_deleted": false, "created_ts": "2018-03-22T18:46:11.769Z", "updated_ts": "2018-03-22T18:46:11.769Z", "checksum": "", "indicator": [22, 23, 24]}}, {"model": "business.period", "pk": 1, "fields": {"name": "2018-1", "code": "2018-1", "description": "Primer Semestre de 2018", "is_deleted": false, "created_ts": "2018-03-22T17:34:25.507Z", "updated_ts": "2018-03-22T17:34:25.507Z", "checksum": "", "start_date": "2018-03-01", "end_date": "2018-07-31", "program": 1}}, {"model": "business.period", "pk": 2, "fields": {"name": "2018-A", "code": "2018-A", "description": "Per\u00edodo Anual de 2018", "is_deleted": false, "created_ts": "2018-03-22T17:34:52.908Z", "updated_ts": "2018-03-22T17:34:52.909Z", "checksum": "", "start_date": "2018-03-01", "end_date": "2018-12-30", "program": 1}}, {"model": "business.campus", "pk": 1, "fields": {"name": "RESB", "code": "RESB", "description": "Campus Rector Ernesto Silva Bafalluy\r\nAv. Plaza 680, \r\nSantiago", "is_deleted": false, "created_ts": "2018-03-22T17:35:33.645Z", "updated_ts": "2018-03-22T17:35:33.645Z", "program": [1]}}, {"model": "core.program", "pk": 1, "fields": {"name": "Arquitectura (S)", "code": "1400S", "description": "La carrera de Arquitectura UDD, a trav\u00e9s de un proyecto educativo vigente y orientado al desarrollo de las distintas capacidades del alumno, forma arquitectos integrales y creativos, con una rigurosa formaci\u00f3n intelectual y profesional, preparados para ejercer en los diferentes campos de la disciplina.\r\n\r\nSomos una carrera en la que cada alumno comprende la arquitectura desde su propia experiencia. A trav\u00e9s de metodolog\u00edas innovadoras, viajes acad\u00e9micos, contenidos altamente actualizados, Intercambios Internacionales, y Pr\u00e1cticas Profesionales, los estudiantes descubren las variables arquitect\u00f3nicas y construyen su propio aprendizaje. Junto con ello, los alumnos comprenden sus propuestas arquitect\u00f3nicas como obras construibles, incorporando variables de nuevas tecnolog\u00edas y criterios de sustentabilidad.\r\n\r\nLa experiencia vivida durante el estudio de la carrera, desarrolla en los alumnos la capacidad de observaci\u00f3n y an\u00e1lisis cr\u00edtico, enriqueciendo en gran manera la b\u00fasqueda de una arquitectura propia, creativa y comprometida en establecer la relaci\u00f3n del hombre con su entorno f\u00edsico.", "is_deleted": false, "created_ts": "2018-03-22T16:37:19.687Z", "updated_ts": "2018-03-22T16:41:04.059Z", "node": 2}}, {"model": "core.program", "pk": 2, "fields": {"name": "Arquitectura (C)", "code": "1400C", "description": "", "is_deleted": false, "created_ts": "2018-03-22T16:43:36.235Z", "updated_ts": "2018-03-22T16:43:36.235Z", "node": 2}}, {"model": "core.skillsgroup", "pk": 1, "fields": {"name": "Competencias Gen\u00e9ricas", "code": "CG", "description": "", "is_deleted": false, "created_ts": "2018-03-22T16:42:44.296Z", "updated_ts": "2018-03-22T16:42:44.296Z", "checksum": "", "program": 1}}, {"model": "core.skillsgroup", "pk": 2, "fields": {"name": "Competencias Espec\u00edficas", "code": "CE", "description": "", "is_deleted": false, "created_ts": "2018-03-22T16:42:54.474Z", "updated_ts": "2018-03-22T16:42:54.474Z", "checksum": "", "program": 1}}, {"model": "core.skill", "pk": 1, "fields": {"name": "Emprendimiento y Liderazgo", "code": "CG01", "description": "", "is_deleted": false, "created_ts": "2018-03-22T17:02:58.688Z", "updated_ts": "2018-03-22T17:02:58.688Z", "checksum": "", "skill_group": 1}}, {"model": "core.skill", "pk": 2, "fields": {"name": "\u00c9tica", "code": "CG02", "description": "\"El estudiante reflexiona acerca de su propio comportamiento y comprende la consecuencia de sus acciones.\r\nEl estudiante entiende la arquitectura como una disciplina comprometida con el destino de la ciudad, desde una perspectiva de integraci\u00f3n del proyecto al contexto espacial en el cual se inserta.\r\n\"", "is_deleted": false, "created_ts": "2018-03-22T17:03:07.311Z", "updated_ts": "2018-03-22T17:28:27.695Z", "checksum": "", "skill_group": 1}}, {"model": "core.skill", "pk": 3, "fields": {"name": "Responsabilidad P\u00fablica", "code": "CG03", "description": "", "is_deleted": false, "created_ts": "2018-03-22T17:03:21.806Z", "updated_ts": "2018-03-22T17:03:21.806Z", "checksum": "", "skill_group": 1}}, {"model": "core.skill", "pk": 4, "fields": {"name": "Autonom\u00eda", "code": "CG04", "description": "El estudiante reconoce sus capacidades con la finalidad de aplicarlas selectivamente en los desaf\u00edos acad\u00e9micos.", "is_deleted": false, "created_ts": "2018-03-22T17:03:30.790Z", "updated_ts": "2018-03-22T17:28:20.413Z", "checksum": "", "skill_group": 1}}, {"model": "core.skill", "pk": 5, "fields": {"name": "Eficiencia", "code": "CG05", "description": "El estudiante comprende el uso racional de los recursos y la especificaci\u00f3n de los materiales, para una adecuada y oportuna aplicaci\u00f3n  en la arquitectura.", "is_deleted": false, "created_ts": "2018-03-22T17:03:37.670Z", "updated_ts": "2018-03-22T17:28:46.960Z", "checksum": "", "skill_group": 1}}, {"model": "core.skill", "pk": 6, "fields": {"name": "Visi\u00f3n Global", "code": "CG06", "description": "El estudiante reconoce tendencias acad\u00e9micas, culturales y territoriales con el fin de generar una nueva comprensi\u00f3n de la realidad y su entorno.", "is_deleted": false, "created_ts": "2018-03-22T17:03:44.717Z", "updated_ts": "2018-03-22T17:29:57.977Z", "checksum": "", "skill_group": 1}}, {"model": "core.skill", "pk": 7, "fields": {"name": "Visi\u00f3n Anal\u00edtica", "code": "CG07", "description": "El estudiante comprende las partes de la realidad observada y jerarquiza la informaci\u00f3n recabada estableciendo relaciones del tipo causa - efecto entre los elementos componentes.", "is_deleted": false, "created_ts": "2018-03-22T17:03:51.269Z", "updated_ts": "2018-03-22T17:29:50.531Z", "checksum": "", "skill_group": 1}}, {"model": "core.skill", "pk": 8, "fields": {"name": "Comunicaci\u00f3n", "code": "CG08", "description": "El estudiante  adquiere herramientas de comunicaci\u00f3n para la efectiva transmisi\u00f3n de sus propuestas conceptuales y formales a trav\u00e9s del lenguaje verbal, escrito, gr\u00e1fico y espacial (croquis, planietr\u00eda y modelos).", "is_deleted": false, "created_ts": "2018-03-22T17:03:57.824Z", "updated_ts": "2018-03-22T17:28:39.994Z", "checksum": "", "skill_group": 1}}, {"model": "core.skill", "pk": 9, "fields": {"name": "Exploraci\u00f3n", "code": "CE01", "description": "El estudiante reconoce y desarrolla nuevas formas de aproximaci\u00f3n al proceso creativo, aceptando el error como una oportunidad de aprendizaje significativo", "is_deleted": false, "created_ts": "2018-03-22T17:04:05.815Z", "updated_ts": "2018-03-22T17:29:07.450Z", "checksum": "", "skill_group": 2}}, {"model": "core.skill", "pk": 10, "fields": {"name": "Sensibilidad Art\u00edstica", "code": "CE02", "description": "El estudiante entiende la arquitectura como un hecho social, cultura y territorial, con una mirada sensible y respetuosa.\r\nDesarrolla la sensibilidad art\u00edstica frente a la arquitectura con una valoraci\u00f3n cr\u00edtica de ella.", "is_deleted": false, "created_ts": "2018-03-22T17:04:13.077Z", "updated_ts": "2018-03-22T17:29:38.650Z", "checksum": "", "skill_group": 2}}, {"model": "core.skill", "pk": 11, "fields": {"name": "L\u00f3gica", "code": "CE03", "description": "El estudiante desarrolla un  razonamiento met\u00f3dico en el que valora los conocimientos como indispensables para analizar, comprender y resolver problemas a lo largo de un proceso proyectual secuencial y su correspondiente materializaci\u00f3n.", "is_deleted": false, "created_ts": "2018-03-22T17:04:20.135Z", "updated_ts": "2018-03-22T17:29:13.191Z", "checksum": "", "skill_group": 2}}, {"model": "core.skill", "pk": 12, "fields": {"name": "Materializaci\u00f3n", "code": "CE04", "description": "\"El estudiante comprende y aplica el rigor y la precisi\u00f3n como los aspectos fundamentales de la materializaci\u00f3n de la arquitectura.\r\nExplora tempranamente criterios de materialidad, y la comprensi\u00f3n de ellos como determinantes en la materializaci\u00f3n de una obra.\r\n\"", "is_deleted": false, "created_ts": "2018-03-22T17:04:26.923Z", "updated_ts": "2018-03-22T17:29:18.588Z", "checksum": "", "skill_group": 2}}, {"model": "core.skill", "pk": 13, "fields": {"name": "Profesionalismo", "code": "CE05", "description": "El estudiante se ejercita en la rigurosidad, oportuno e inter\u00e9s por cumplir con un trabajo bien hecho.", "is_deleted": false, "created_ts": "2018-03-22T17:04:35.354Z", "updated_ts": "2018-03-22T17:29:24.255Z", "checksum": "", "skill_group": 2}}, {"model": "core.subjectsgroup", "pk": 1, "fields": {"name": "Teor\u00eda, Cultura y Pensamiento Cr\u00edtico", "code": "1400S-L1", "description": "", "is_deleted": false, "created_ts": "2018-03-22T16:51:23.295Z", "updated_ts": "2018-03-22T16:51:23.295Z", "checksum": "", "program": 1}}, {"model": "core.subjectsgroup", "pk": 2, "fields": {"name": "Tecnolog\u00eda Aplicada", "code": "1400S-L2", "description": "", "is_deleted": false, "created_ts": "2018-03-22T16:51:38.419Z", "updated_ts": "2018-03-22T16:51:38.419Z", "checksum": "", "program": 1}}, {"model": "core.subjectsgroup", "pk": 3, "fields": {"name": "Dise\u00f1o Arquitect\u00f3nico Urbano", "code": "1400S-L3", "description": "", "is_deleted": false, "created_ts": "2018-03-22T16:51:58.858Z", "updated_ts": "2018-03-22T16:51:58.858Z", "checksum": "", "program": 1}}, {"model": "core.subjectsgroup", "pk": 4, "fields": {"name": "Innovaci\u00f3n Interdisciplinaria", "code": "1400S-L4", "description": "", "is_deleted": false, "created_ts": "2018-03-22T16:52:15.438Z", "updated_ts": "2018-03-22T16:52:15.439Z", "checksum": "", "program": 1}}, {"model": "core.subjectsgroup", "pk": 5, "fields": {"name": "Visualizaci\u00f3n y Modelaci\u00f3n", "code": "1400S-L5", "description": "", "is_deleted": false, "created_ts": "2018-03-22T16:52:27.819Z", "updated_ts": "2018-03-22T16:52:27.819Z", "checksum": "", "program": 1}}, {"model": "core.subjectsgroup", "pk": 6, "fields": {"name": "Formaci\u00f3n Integral", "code": "1400S-L6", "description": "", "is_deleted": false, "created_ts": "2018-03-22T16:52:42.045Z", "updated_ts": "2018-03-22T16:52:42.045Z", "checksum": "", "program": 1}}, {"model": "core.level", "pk": 1, "fields": {"name": "Bachillerato", "code": "BS", "description": "", "is_deleted": false, "created_ts": "2018-03-22T16:41:54.025Z", "updated_ts": "2018-03-22T16:41:54.025Z", "checksum": "", "program": 1}}, {"model": "core.level", "pk": 2, "fields": {"name": "Licenciatura", "code": "LC", "description": "", "is_deleted": false, "created_ts": "2018-03-22T16:42:05.596Z", "updated_ts": "2018-03-22T16:42:05.596Z", "checksum": "", "program": 1}}, {"model": "core.level", "pk": 3, "fields": {"name": "Habilitaci\u00f3n Profesional", "code": "HP", "description": "", "is_deleted": false, "created_ts": "2018-03-22T16:42:15.019Z", "updated_ts": "2018-03-22T16:42:15.019Z", "checksum": "", "program": 1}}, {"model": "core.subject", "pk": 1, "fields": {"name": "Composici\u00f3n y Color", "code": "AAC111", "description": "", "is_deleted": false, "created_ts": "2018-03-22T16:57:35.257Z", "updated_ts": "2018-03-22T16:57:35.257Z", "checksum": "", "subjects_group": 3, "level": 1}}, {"model": "core.subject", "pk": 2, "fields": {"name": "Medios de Observaci\u00f3n", "code": "AAM115", "description": "", "is_deleted": false, "created_ts": "2018-03-22T16:57:58.628Z", "updated_ts": "2018-03-22T16:57:58.628Z", "checksum": "", "subjects_group": 5, "level": 1}}, {"model": "core.subject", "pk": 3, "fields": {"name": "Matem\u00e1tica", "code": "AAM116", "description": "", "is_deleted": false, "created_ts": "2018-03-22T16:58:13.130Z", "updated_ts": "2018-03-22T16:58:13.130Z", "checksum": "", "subjects_group": 2, "level": 1}}, {"model": "core.subject", "pk": 4, "fields": {"name": "Dise\u00f1o Arquitect\u00f3nico I", "code": "ADA118", "description": "", "is_deleted": false, "created_ts": "2018-03-22T16:58:33.046Z", "updated_ts": "2018-03-22T16:58:33.046Z", "checksum": "", "subjects_group": 3, "level": 1}}, {"model": "core.subject", "pk": 5, "fields": {"name": "Introducci\u00f3n al Arte", "code": "AHA113", "description": "", "is_deleted": false, "created_ts": "2018-03-22T16:59:13.063Z", "updated_ts": "2018-03-22T16:59:13.063Z", "checksum": "", "subjects_group": 1, "level": 1}}, {"model": "core.subject", "pk": 6, "fields": {"name": "Taller de Comunicaci\u00f3n Escrita", "code": "ARDCP11", "description": "", "is_deleted": false, "created_ts": "2018-03-22T16:59:32.187Z", "updated_ts": "2018-03-22T16:59:32.187Z", "checksum": "", "subjects_group": 6, "level": 1}}, {"model": "core.subject", "pk": 7, "fields": {"name": "Taller de Comunicaci\u00f3n Oral", "code": "ARDCP12", "description": "", "is_deleted": false, "created_ts": "2018-03-22T16:59:44.170Z", "updated_ts": "2018-03-22T16:59:44.170Z", "checksum": "", "subjects_group": 6, "level": 1}}, {"model": "core.indicator", "pk": 1, "fields": {"code": "I001-CG04", "description": "Selecciona y utiliza sus capacidades para el desarrollo de un trabajo?", "is_deleted": false, "created_ts": "2018-03-22T17:10:31.432Z", "updated_ts": "2018-03-23T05:12:58.579Z", "name": "Selecciona y utiliza sus capacidades para el desarrollo de un trabajo?", "checksum": "", "subject": 1, "skill": 4}}, {"model": "core.indicator", "pk": 2, "fields": {"code": "I002-CE01", "description": "Demuestra un proceso creativo como respuesta al ejercicio planteado?", "is_deleted": false, "created_ts": "2018-03-22T17:14:28.857Z", "updated_ts": "2018-03-23T05:12:48.377Z", "name": "Demuestra un proceso creativo como respuesta al ejercicio planteado?", "checksum": "", "subject": 1, "skill": 9}}, {"model": "core.indicator", "pk": 3, "fields": {"code": "I003-CE04", "description": "Resuelve y construye con rigor y precisi\u00f3n los ejercicios planteados?", "is_deleted": false, "created_ts": "2018-03-22T17:16:34.485Z", "updated_ts": "2018-03-23T05:12:42.576Z", "name": "Resuelve y construye con rigor y precisi\u00f3n los ejercicios planteados?", "checksum": "", "subject": 1, "skill": 12}}, {"model": "core.indicator", "pk": 4, "fields": {"code": "I004-CE02", "description": "Comprende y valora las determinantes est\u00e9ticas de una composici\u00f3n?", "is_deleted": false, "created_ts": "2018-03-22T17:17:04.852Z", "updated_ts": "2018-03-23T05:12:36.759Z", "name": "Comprende y valora las determinantes est\u00e9ticas de una composici\u00f3n?", "checksum": "", "subject": 1, "skill": 10}}, {"model": "core.indicator", "pk": 5, "fields": {"code": "I005-CG04", "description": "Toma decisiones aut\u00f3nomas que le permiten abordar un proceso de aprendizaje.", "is_deleted": false, "created_ts": "2018-03-22T17:17:25.114Z", "updated_ts": "2018-03-23T05:12:29.955Z", "name": "Toma decisiones aut\u00f3nomas que le permiten abordar un proceso de aprendizaje.", "checksum": "", "subject": 4, "skill": 4}}, {"model": "core.indicator", "pk": 6, "fields": {"code": "I006-CG08", "description": "Utiliza herramientas de comunicaci\u00f3n para una rigurosa expresi\u00f3n de una propuesta arquitect\u00f3nica?", "is_deleted": false, "created_ts": "2018-03-22T17:17:59.733Z", "updated_ts": "2018-03-23T05:12:12.190Z", "name": "Utiliza herramientas de comunicaci\u00f3n para una rigurosa expresi\u00f3n de una propuesta arquitect\u00f3nica?", "checksum": "", "subject": 4, "skill": 8}}, {"model": "core.indicator", "pk": 7, "fields": {"code": "I007-CG08", "description": "Utiliza herramientas de comunicaci\u00f3n para una rigurosa expresi\u00f3n de una propuesta arquitect\u00f3nica?", "is_deleted": false, "created_ts": "2018-03-22T17:22:25.547Z", "updated_ts": "2018-03-23T05:12:05.996Z", "name": "Utiliza herramientas de comunicaci\u00f3n para una rigurosa expresi\u00f3n de una propuesta arquitect\u00f3nica?", "checksum": "", "subject": 4, "skill": 8}}, {"model": "core.indicator", "pk": 8, "fields": {"code": "I008-CG02", "description": "Comprende que sus decisiones proyectuales afectan el contexto en el que se insertan?", "is_deleted": false, "created_ts": "2018-03-22T17:22:47.996Z", "updated_ts": "2018-03-23T05:12:00.307Z", "name": "Comprende que sus decisiones proyectuales afectan el contexto en el que se insertan?", "checksum": "", "subject": 4, "skill": 2}}, {"model": "core.indicator", "pk": 9, "fields": {"code": "I009-CG02", "description": "Comprende que sus acciones repercuten en sus resultados acad\u00e9micos?", "is_deleted": false, "created_ts": "2018-03-22T17:23:34.412Z", "updated_ts": "2018-03-23T05:11:51.923Z", "name": "Comprende que sus acciones repercuten en sus resultados acad\u00e9micos?", "checksum": "", "subject": 4, "skill": 2}}, {"model": "core.indicator", "pk": 10, "fields": {"code": "I010-CE01", "description": "Demuestra un proceso creativo como respuesta al ejercicio planteado?", "is_deleted": false, "created_ts": "2018-03-22T17:25:12.216Z", "updated_ts": "2018-03-23T05:11:43.870Z", "name": "Demuestra un proceso creativo como respuesta al ejercicio planteado?", "checksum": "", "subject": 4, "skill": 9}}, {"model": "core.indicator", "pk": 11, "fields": {"code": "I011-CE04", "description": "Resuelve con rigor y precisi\u00f3n los desaf\u00edos constructivos planteados por el encargo?", "is_deleted": false, "created_ts": "2018-03-22T17:26:10.534Z", "updated_ts": "2018-03-23T05:11:37.851Z", "name": "Resuelve con rigor y precisi\u00f3n los desaf\u00edos constructivos planteados por el encargo?", "checksum": "", "subject": 4, "skill": 12}}, {"model": "core.indicator", "pk": 12, "fields": {"code": "I012-CE04", "description": "Logra traducir las ideas en evidencias proyectuales?", "is_deleted": false, "created_ts": "2018-03-22T17:26:40.697Z", "updated_ts": "2018-03-23T05:11:32.134Z", "name": "Logra traducir las ideas en evidencias proyectuales?", "checksum": "", "subject": 4, "skill": 12}}, {"model": "core.indicator", "pk": 13, "fields": {"code": "I013-CE02", "description": "Comprende y valora las determinantes espaciales de una propuesta arquitect\u00f3nica?", "is_deleted": false, "created_ts": "2018-03-22T17:27:02.894Z", "updated_ts": "2018-03-23T05:11:22.421Z", "name": "Comprende y valora las determinantes espaciales de una propuesta arquitect\u00f3nica?", "checksum": "", "subject": 4, "skill": 10}}, {"model": "core.indicator", "pk": 14, "fields": {"code": "I014-CG07", "description": "Analiza y sintetiza la informaci\u00f3n significativa?", "is_deleted": false, "created_ts": "2018-03-22T17:27:27.853Z", "updated_ts": "2018-03-23T05:11:15.791Z", "name": "Analiza y sintetiza la informaci\u00f3n significativa?", "checksum": "", "subject": 4, "skill": 7}}, {"model": "core.indicator", "pk": 15, "fields": {"code": "I015-CG06", "description": "Identifica aspectos globales a partir de determinantes locales y territoriales que contextualizan sus propuestas?", "is_deleted": false, "created_ts": "2018-03-22T17:27:50.052Z", "updated_ts": "2018-03-23T05:11:07.833Z", "name": "Identifica aspectos globales a partir de determinantes locales y territoriales que contextualizan sus propuestas?", "checksum": "", "subject": 4, "skill": 6}}, {"model": "core.indicator", "pk": 16, "fields": {"code": "I016-CG08", "description": "Utiliza herramientas de comunicaci\u00f3n para una efectiva transmisi\u00f3n de un argumento?", "is_deleted": false, "created_ts": "2018-03-22T17:38:08.471Z", "updated_ts": "2018-03-23T05:10:37.740Z", "name": "Utiliza herramientas de comunicaci\u00f3n para una efectiva transmisi\u00f3n de un argumento?", "checksum": "", "subject": 1, "skill": 8}}, {"model": "core.indicator", "pk": 17, "fields": {"code": "I017-CE02", "description": "Comprende y valora los hechos culturales con una visi\u00f3n cr\u00edtica?", "is_deleted": false, "created_ts": "2018-03-22T17:38:40.885Z", "updated_ts": "2018-03-23T05:10:20.479Z", "name": "Comprende y valora los hechos culturales con una visi\u00f3n cr\u00edtica?", "checksum": "", "subject": 5, "skill": 10}}, {"model": "core.indicator", "pk": 18, "fields": {"code": "I018-CG07", "description": "Ordena y jerarquiza la informaci\u00f3n significativa?", "is_deleted": false, "created_ts": "2018-03-22T17:39:57.247Z", "updated_ts": "2018-03-23T05:10:13.440Z", "name": "Ordena y jerarquiza la informaci\u00f3n significativa?", "checksum": "", "subject": 5, "skill": 7}}, {"model": "core.indicator", "pk": 19, "fields": {"code": "I019-CG06", "description": "Identifica fen\u00f3menos globales que contextualizan los \u00e1mbitos de estudio?", "is_deleted": false, "created_ts": "2018-03-22T17:41:16.716Z", "updated_ts": "2018-03-23T05:10:05.690Z", "name": "Identifica fen\u00f3menos globales que contextualizan los \u00e1mbitos de estudio?", "checksum": "", "subject": 5, "skill": 6}}, {"model": "core.indicator", "pk": 20, "fields": {"code": "I020-CE03", "description": "Aborda los ejercicios con un proceso ordenado y secuencial?", "is_deleted": false, "created_ts": "2018-03-22T17:41:38.801Z", "updated_ts": "2018-03-23T05:10:52.227Z", "name": "Aborda los ejercicios con un proceso ordenado y secuencial?", "checksum": "", "subject": 3, "skill": 11}}, {"model": "core.indicator", "pk": 21, "fields": {"code": "I021-CG07", "description": "Ordena y jerarquiza la informaci\u00f3n significativa?", "is_deleted": false, "created_ts": "2018-03-22T17:41:52.161Z", "updated_ts": "2018-03-23T05:10:42.238Z", "name": "Ordena y jerarquiza la informaci\u00f3n significativa?", "checksum": "", "subject": 3, "skill": 7}}, {"model": "core.indicator", "pk": 22, "fields": {"code": "I022-CG08", "description": "Logra expresar y sintetizar a trav\u00e9s del croquis lo observado en la realidad?", "is_deleted": false, "created_ts": "2018-03-22T17:42:22.222Z", "updated_ts": "2018-03-23T05:09:41.235Z", "name": "Logra expresar y sintetizar a trav\u00e9s del croquis lo observado en la realidad?", "checksum": "", "subject": 2, "skill": 8}}, {"model": "core.indicator", "pk": 23, "fields": {"code": "I023-CE01", "description": "Ensaya y propone distintas formas de registrar lo observado?", "is_deleted": false, "created_ts": "2018-03-22T18:38:39.446Z", "updated_ts": "2018-03-23T05:09:33.892Z", "name": "Ensaya y propone distintas formas de registrar lo observado?", "checksum": "", "subject": 2, "skill": 9}}, {"model": "core.indicator", "pk": 24, "fields": {"code": "I024-CE02", "description": "Identifica actos y hechos relevantes del espacio observado?", "is_deleted": false, "created_ts": "2018-03-22T18:39:43.978Z", "updated_ts": "2018-03-23T05:09:24.554Z", "name": "Identifica actos y hechos relevantes del espacio observado?", "checksum": "", "subject": 2, "skill": 10}}, {"model": "topology.nodetype", "pk": 1, "fields": {"is_deleted": false, "created_ts": "2018-03-22T16:35:47.404Z", "updated_ts": "2018-03-22T16:35:47.404Z", "name": "universidad", "code": "universidad", "description": "", "is_top": true, "can_have_programs": false}}, {"model": "topology.nodetype", "pk": 2, "fields": {"is_deleted": false, "created_ts": "2018-03-22T16:36:01.463Z", "updated_ts": "2018-03-22T16:36:01.463Z", "name": "facultad", "code": "facultad", "description": "", "is_top": false, "can_have_programs": true}}, {"model": "topology.node", "pk": 1, "fields": {"is_deleted": false, "created_ts": "2018-03-22T16:36:24.811Z", "updated_ts": "2018-03-22T16:36:24.811Z", "name": "Universidad del Desarrollo", "code": "UDD", "description": "", "node_type": 1, "parent": null}}, {"model": "topology.node", "pk": 2, "fields": {"is_deleted": false, "created_ts": "2018-03-22T16:36:45.267Z", "updated_ts": "2018-03-22T16:39:59.225Z", "name": "Facultad de Arquitectura", "code": "UDD-ARQ", "description": "", "node_type": 2, "parent": 1}}, {"model": "auth.permission", "pk": 1, "fields": {"name": "Can add log entry", "content_type": 1, "codename": "add_logentry"}}, {"model": "auth.permission", "pk": 2, "fields": {"name": "Can change log entry", "content_type": 1, "codename": "change_logentry"}}, {"model": "auth.permission", "pk": 3, "fields": {"name": "Can delete log entry", "content_type": 1, "codename": "delete_logentry"}}, {"model": "auth.permission", "pk": 4, "fields": {"name": "Can add permission", "content_type": 2, "codename": "add_permission"}}, {"model": "auth.permission", "pk": 5, "fields": {"name": "Can change permission", "content_type": 2, "codename": "change_permission"}}, {"model": "auth.permission", "pk": 6, "fields": {"name": "Can delete permission", "content_type": 2, "codename": "delete_permission"}}, {"model": "auth.permission", "pk": 7, "fields": {"name": "Can add group", "content_type": 3, "codename": "add_group"}}, {"model": "auth.permission", "pk": 8, "fields": {"name": "Can change group", "content_type": 3, "codename": "change_group"}}, {"model": "auth.permission", "pk": 9, "fields": {"name": "Can delete group", "content_type": 3, "codename": "delete_group"}}, {"model": "auth.permission", "pk": 10, "fields": {"name": "Can add content type", "content_type": 4, "codename": "add_contenttype"}}, {"model": "auth.permission", "pk": 11, "fields": {"name": "Can change content type", "content_type": 4, "codename": "change_contenttype"}}, {"model": "auth.permission", "pk": 12, "fields": {"name": "Can delete content type", "content_type": 4, "codename": "delete_contenttype"}}, {"model": "auth.permission", "pk": 13, "fields": {"name": "Can add session", "content_type": 5, "codename": "add_session"}}, {"model": "auth.permission", "pk": 14, "fields": {"name": "Can change session", "content_type": 5, "codename": "change_session"}}, {"model": "auth.permission", "pk": 15, "fields": {"name": "Can delete session", "content_type": 5, "codename": "delete_session"}}, {"model": "auth.permission", "pk": 16, "fields": {"name": "Can add profile", "content_type": 6, "codename": "add_profile"}}, {"model": "auth.permission", "pk": 17, "fields": {"name": "Can change profile", "content_type": 6, "codename": "change_profile"}}, {"model": "auth.permission", "pk": 18, "fields": {"name": "Can delete profile", "content_type": 6, "codename": "delete_profile"}}, {"model": "auth.permission", "pk": 19, "fields": {"name": "Can add user", "content_type": 7, "codename": "add_user"}}, {"model": "auth.permission", "pk": 20, "fields": {"name": "Can change user", "content_type": 7, "codename": "change_user"}}, {"model": "auth.permission", "pk": 21, "fields": {"name": "Can delete user", "content_type": 7, "codename": "delete_user"}}, {"model": "auth.permission", "pk": 22, "fields": {"name": "Can add user profiles program", "content_type": 8, "codename": "add_userprofilesprogram"}}, {"model": "auth.permission", "pk": 23, "fields": {"name": "Can change user profiles program", "content_type": 8, "codename": "change_userprofilesprogram"}}, {"model": "auth.permission", "pk": 24, "fields": {"name": "Can delete user profiles program", "content_type": 8, "codename": "delete_userprofilesprogram"}}, {"model": "auth.permission", "pk": 25, "fields": {"name": "Can add parameter", "content_type": 9, "codename": "add_parameter"}}, {"model": "auth.permission", "pk": 26, "fields": {"name": "Can change parameter", "content_type": 9, "codename": "change_parameter"}}, {"model": "auth.permission", "pk": 27, "fields": {"name": "Can delete parameter", "content_type": 9, "codename": "delete_parameter"}}, {"model": "auth.permission", "pk": 28, "fields": {"name": "Can add encuesta", "content_type": 10, "codename": "add_survey"}}, {"model": "auth.permission", "pk": 29, "fields": {"name": "Can change encuesta", "content_type": 10, "codename": "change_survey"}}, {"model": "auth.permission", "pk": 30, "fields": {"name": "Can delete encuesta", "content_type": 10, "codename": "delete_survey"}}, {"model": "auth.permission", "pk": 31, "fields": {"name": "Can add periodo", "content_type": 11, "codename": "add_period"}}, {"model": "auth.permission", "pk": 32, "fields": {"name": "Can change periodo", "content_type": 11, "codename": "change_period"}}, {"model": "auth.permission", "pk": 33, "fields": {"name": "Can delete periodo", "content_type": 11, "codename": "delete_period"}}, {"model": "auth.permission", "pk": 34, "fields": {"name": "Can add campus", "content_type": 12, "codename": "add_campus"}}, {"model": "auth.permission", "pk": 35, "fields": {"name": "Can change campus", "content_type": 12, "codename": "change_campus"}}, {"model": "auth.permission", "pk": 36, "fields": {"name": "Can delete campus", "content_type": 12, "codename": "delete_campus"}}, {"model": "auth.permission", "pk": 37, "fields": {"name": "Can add programa", "content_type": 13, "codename": "add_program"}}, {"model": "auth.permission", "pk": 38, "fields": {"name": "Can change programa", "content_type": 13, "codename": "change_program"}}, {"model": "auth.permission", "pk": 39, "fields": {"name": "Can delete programa", "content_type": 13, "codename": "delete_program"}}, {"model": "auth.permission", "pk": 40, "fields": {"name": "Can add grupo de competencias", "content_type": 14, "codename": "add_skillsgroup"}}, {"model": "auth.permission", "pk": 41, "fields": {"name": "Can change grupo de competencias", "content_type": 14, "codename": "change_skillsgroup"}}, {"model": "auth.permission", "pk": 42, "fields": {"name": "Can delete grupo de competencias", "content_type": 14, "codename": "delete_skillsgroup"}}, {"model": "auth.permission", "pk": 43, "fields": {"name": "Can add competencia", "content_type": 15, "codename": "add_skill"}}, {"model": "auth.permission", "pk": 44, "fields": {"name": "Can change competencia", "content_type": 15, "codename": "change_skill"}}, {"model": "auth.permission", "pk": 45, "fields": {"name": "Can delete competencia", "content_type": 15, "codename": "delete_skill"}}, {"model": "auth.permission", "pk": 46, "fields": {"name": "Can add grupo de asignaturas", "content_type": 16, "codename": "add_subjectsgroup"}}, {"model": "auth.permission", "pk": 47, "fields": {"name": "Can change grupo de asignaturas", "content_type": 16, "codename": "change_subjectsgroup"}}, {"model": "auth.permission", "pk": 48, "fields": {"name": "Can delete grupo de asignaturas", "content_type": 16, "codename": "delete_subjectsgroup"}}, {"model": "auth.permission", "pk": 49, "fields": {"name": "Can add nivel", "content_type": 17, "codename": "add_level"}}, {"model": "auth.permission", "pk": 50, "fields": {"name": "Can change nivel", "content_type": 17, "codename": "change_level"}}, {"model": "auth.permission", "pk": 51, "fields": {"name": "Can delete nivel", "content_type": 17, "codename": "delete_level"}}, {"model": "auth.permission", "pk": 52, "fields": {"name": "Can add asignatura", "content_type": 18, "codename": "add_subject"}}, {"model": "auth.permission", "pk": 53, "fields": {"name": "Can change asignatura", "content_type": 18, "codename": "change_subject"}}, {"model": "auth.permission", "pk": 54, "fields": {"name": "Can delete asignatura", "content_type": 18, "codename": "delete_subject"}}, {"model": "auth.permission", "pk": 55, "fields": {"name": "Can add indicador", "content_type": 19, "codename": "add_indicator"}}, {"model": "auth.permission", "pk": 56, "fields": {"name": "Can change indicador", "content_type": 19, "codename": "change_indicator"}}, {"model": "auth.permission", "pk": 57, "fields": {"name": "Can delete indicador", "content_type": 19, "codename": "delete_indicator"}}, {"model": "auth.permission", "pk": 58, "fields": {"name": "Can add descripci\u00f3n competencia y nivel", "content_type": 20, "codename": "add_skillleveldescription"}}, {"model": "auth.permission", "pk": 59, "fields": {"name": "Can change descripci\u00f3n competencia y nivel", "content_type": 20, "codename": "change_skillleveldescription"}}, {"model": "auth.permission", "pk": 60, "fields": {"name": "Can delete descripci\u00f3n competencia y nivel", "content_type": 20, "codename": "delete_skillleveldescription"}}, {"model": "auth.permission", "pk": 61, "fields": {"name": "Can add tipo de acci\u00f3n para log", "content_type": 21, "codename": "add_action"}}, {"model": "auth.permission", "pk": 62, "fields": {"name": "Can change tipo de acci\u00f3n para log", "content_type": 21, "codename": "change_action"}}, {"model": "auth.permission", "pk": 63, "fields": {"name": "Can delete tipo de acci\u00f3n para log", "content_type": 21, "codename": "delete_action"}}, {"model": "auth.permission", "pk": 64, "fields": {"name": "Can add log", "content_type": 22, "codename": "add_log"}}, {"model": "auth.permission", "pk": 65, "fields": {"name": "Can change log", "content_type": 22, "codename": "change_log"}}, {"model": "auth.permission", "pk": 66, "fields": {"name": "Can delete log", "content_type": 22, "codename": "delete_log"}}, {"model": "auth.permission", "pk": 67, "fields": {"name": "Can add curso", "content_type": 23, "codename": "add_course"}}, {"model": "auth.permission", "pk": 68, "fields": {"name": "Can change curso", "content_type": 23, "codename": "change_course"}}, {"model": "auth.permission", "pk": 69, "fields": {"name": "Can delete curso", "content_type": 23, "codename": "delete_course"}}, {"model": "auth.permission", "pk": 70, "fields": {"name": "Can add feedback", "content_type": 24, "codename": "add_feedback"}}, {"model": "auth.permission", "pk": 71, "fields": {"name": "Can change feedback", "content_type": 24, "codename": "change_feedback"}}, {"model": "auth.permission", "pk": 72, "fields": {"name": "Can delete feedback", "content_type": 24, "codename": "delete_feedback"}}, {"model": "auth.permission", "pk": 73, "fields": {"name": "Can add temp feedback message", "content_type": 25, "codename": "add_tempfeedbackmessage"}}, {"model": "auth.permission", "pk": 74, "fields": {"name": "Can change temp feedback message", "content_type": 25, "codename": "change_tempfeedbackmessage"}}, {"model": "auth.permission", "pk": 75, "fields": {"name": "Can delete temp feedback message", "content_type": 25, "codename": "delete_tempfeedbackmessage"}}, {"model": "auth.permission", "pk": 76, "fields": {"name": "Can add temp fedback score", "content_type": 26, "codename": "add_tempfedbackscore"}}, {"model": "auth.permission", "pk": 77, "fields": {"name": "Can change temp fedback score", "content_type": 26, "codename": "change_tempfedbackscore"}}, {"model": "auth.permission", "pk": 78, "fields": {"name": "Can delete temp fedback score", "content_type": 26, "codename": "delete_tempfedbackscore"}}, {"model": "auth.permission", "pk": 79, "fields": {"name": "Can add nota final (estudiante - curso)", "content_type": 27, "codename": "add_finalscoreevaluation"}}, {"model": "auth.permission", "pk": 80, "fields": {"name": "Can change nota final (estudiante - curso)", "content_type": 27, "codename": "change_finalscoreevaluation"}}, {"model": "auth.permission", "pk": 81, "fields": {"name": "Can delete nota final (estudiante - curso)", "content_type": 27, "codename": "delete_finalscoreevaluation"}}, {"model": "auth.permission", "pk": 82, "fields": {"name": "Can add temp score evaluation", "content_type": 28, "codename": "add_tempscoreevaluation"}}, {"model": "auth.permission", "pk": 83, "fields": {"name": "Can change temp score evaluation", "content_type": 28, "codename": "change_tempscoreevaluation"}}, {"model": "auth.permission", "pk": 84, "fields": {"name": "Can delete temp score evaluation", "content_type": 28, "codename": "delete_tempscoreevaluation"}}, {"model": "auth.permission", "pk": 85, "fields": {"name": "Can add puntaje de indicador (estudiante - curso)", "content_type": 29, "codename": "add_finalindicatorevaluation"}}, {"model": "auth.permission", "pk": 86, "fields": {"name": "Can change puntaje de indicador (estudiante - curso)", "content_type": 29, "codename": "change_finalindicatorevaluation"}}, {"model": "auth.permission", "pk": 87, "fields": {"name": "Can delete puntaje de indicador (estudiante - curso)", "content_type": 29, "codename": "delete_finalindicatorevaluation"}}, {"model": "auth.permission", "pk": 88, "fields": {"name": "Can add temp final indicator evaluation", "content_type": 30, "codename": "add_tempfinalindicatorevaluation"}}, {"model": "auth.permission", "pk": 89, "fields": {"name": "Can change temp final indicator evaluation", "content_type": 30, "codename": "change_tempfinalindicatorevaluation"}}, {"model": "auth.permission", "pk": 90, "fields": {"name": "Can delete temp final indicator evaluation", "content_type": 30, "codename": "delete_tempfinalindicatorevaluation"}}, {"model": "auth.permission", "pk": 91, "fields": {"name": "Can add tipo de nodo", "content_type": 31, "codename": "add_nodetype"}}, {"model": "auth.permission", "pk": 92, "fields": {"name": "Can change tipo de nodo", "content_type": 31, "codename": "change_nodetype"}}, {"model": "auth.permission", "pk": 93, "fields": {"name": "Can delete tipo de nodo", "content_type": 31, "codename": "delete_nodetype"}}, {"model": "auth.permission", "pk": 94, "fields": {"name": "Can add tipo de nodo padre", "content_type": 32, "codename": "add_nodetypeparent"}}, {"model": "auth.permission", "pk": 95, "fields": {"name": "Can change tipo de nodo padre", "content_type": 32, "codename": "change_nodetypeparent"}}, {"model": "auth.permission", "pk": 96, "fields": {"name": "Can delete tipo de nodo padre", "content_type": 32, "codename": "delete_nodetypeparent"}}, {"model": "auth.permission", "pk": 97, "fields": {"name": "Can add nodo", "content_type": 33, "codename": "add_node"}}, {"model": "auth.permission", "pk": 98, "fields": {"name": "Can change nodo", "content_type": 33, "codename": "change_node"}}, {"model": "auth.permission", "pk": 99, "fields": {"name": "Can delete nodo", "content_type": 33, "codename": "delete_node"}}, {"model": "base.user", "pk": 1, "fields": {"password": "pbkdf2_sha256$100000$arKmMQv6OFCO$pfg00RpaDEtLtrrbH3jc977inWhhtmmFJhzLKBEFymc=", "last_login": "2018-03-23T06:25:09.506Z", "is_superuser": true, "username": "creator", "first_name": "", "last_name": "", "is_staff": true, "is_active": true, "date_joined": "2018-03-23T04:06:53Z", "email": "creator@marogu.cl", "external_info": "{\"rut\":\"16751256-9\"}", "groups": [], "user_permissions": []}}, {"model": "base.user", "pk": 2, "fields": {"password": "pbkdf2_sha256$100000$2HLxvFyvJrId$NiiBWVhA4uQ/cUYrx1O+zOHHFiY9vTzrBWmcjyl68G4=", "last_login": "2018-03-23T06:33:16.982Z", "is_superuser": false, "username": "Pablo", "first_name": "", "last_name": "", "is_staff": false, "is_active": true, "date_joined": "2018-03-23T06:12:45.385Z", "email": "student@test.cl", "external_info": {"rut": "123"}, "groups": [], "user_permissions": []}}, {"model": "base.userprofilesprogram", "pk": 2, "fields": {"user": 2, "program": 1, "profiles": ["student"]}}, {"model": "base.userprofilesprogram", "pk": 3, "fields": {"user": 1, "program": 1, "profiles": ["admin", "teacher"]}}, {"model": "term.course", "pk": 1, "fields": {"name": "Curso TEST", "code": "curso-test", "description": "", "is_deleted": false, "created_ts": "2018-03-23T06:13:29.404Z", "updated_ts": "2018-03-23T06:13:29.404Z", "section": "1", "checksum": "", "period": 1, "campus": 1, "subject": 1, "survey": 1, "teachers": [1], "students": [2]}}, {"model": "term.finalindicatorevaluation", "pk": 1, "fields": {"is_deleted": false, "created_ts": "2018-03-23T06:30:26.088Z", "updated_ts": "2018-03-23T06:30:26.088Z", "value": 2.0, "evaluator": 1, "evaluated": 2, "course": 1, "indicator": 1}}, {"model": "term.finalindicatorevaluation", "pk": 2, "fields": {"is_deleted": false, "created_ts": "2018-03-23T06:30:29.144Z", "updated_ts": "2018-03-23T06:30:29.144Z", "value": 3.0, "evaluator": 1, "evaluated": 2, "course": 1, "indicator": 3}}, {"model": "term.finalindicatorevaluation", "pk": 3, "fields": {"is_deleted": false, "created_ts": "2018-03-23T06:30:31.950Z", "updated_ts": "2018-03-23T06:30:31.950Z", "value": 3.0, "evaluator": 1, "evaluated": 2, "course": 1, "indicator": 4}}, {"model": "term.finalindicatorevaluation", "pk": 4, "fields": {"is_deleted": false, "created_ts": "2018-03-23T06:30:34.658Z", "updated_ts": "2018-03-23T06:30:34.658Z", "value": 2.0, "evaluator": 1, "evaluated": 2, "course": 1, "indicator": 2}}, {"model": "admin.logentry", "pk": 1, "fields": {"action_time": "2018-03-23T04:07:38.978Z", "user": 1, "content_type": 7, "object_id": "1", "object_repr": "creator@marogu.cl", "action_flag": 2, "change_message": "[{\"changed\": {\"fields\": [\"email\"]}}]"}}, {"model": "admin.logentry", "pk": 2, "fields": {"action_time": "2018-03-23T05:00:43.344Z", "user": 1, "content_type": 6, "object_id": "teacher", "object_repr": "teacher", "action_flag": 1, "change_message": "[{\"added\": {}}]"}}, {"model": "admin.logentry", "pk": 3, "fields": {"action_time": "2018-03-23T05:03:00.121Z", "user": 1, "content_type": 8, "object_id": "1", "object_repr": "UserProfilesProgram object (1)", "action_flag": 1, "change_message": "[{\"added\": {}}]"}}, {"model": "admin.logentry", "pk": 4, "fields": {"action_time": "2018-03-23T05:09:24.568Z", "user": 1, "content_type": 19, "object_id": "24", "object_repr": "Identifica actos y hechos relevantes del espacio observado? I024-CE02", "action_flag": 2, "change_message": "[{\"changed\": {\"fields\": [\"name\"]}}]"}}, {"model": "admin.logentry", "pk": 5, "fields": {"action_time": "2018-03-23T05:09:33.904Z", "user": 1, "content_type": 19, "object_id": "23", "object_repr": "Ensaya y propone distintas formas de registrar lo observado? I023-CE01", "action_flag": 2, "change_message": "[{\"changed\": {\"fields\": [\"name\"]}}]"}}, {"model": "admin.logentry", "pk": 6, "fields": {"action_time": "2018-03-23T05:09:41.245Z", "user": 1, "content_type": 19, "object_id": "22", "object_repr": "Logra expresar y sintetizar a trav\u00e9s del croquis lo observado en la realidad? I022-CG08", "action_flag": 2, "change_message": "[{\"changed\": {\"fields\": [\"name\"]}}]"}}, {"model": "admin.logentry", "pk": 7, "fields": {"action_time": "2018-03-23T05:09:52.115Z", "user": 1, "content_type": 19, "object_id": "21", "object_repr": "Ordena y jerarquiza la informaci\u00f3n significativa? I021-CG07", "action_flag": 2, "change_message": "[]"}}, {"model": "admin.logentry", "pk": 8, "fields": {"action_time": "2018-03-23T05:09:59.734Z", "user": 1, "content_type": 19, "object_id": "20", "object_repr": "Aborda los ejercicios con un proceso ordenado y secuencial? I020-CE03", "action_flag": 2, "change_message": "[{\"changed\": {\"fields\": [\"name\"]}}]"}}, {"model": "admin.logentry", "pk": 9, "fields": {"action_time": "2018-03-23T05:10:05.701Z", "user": 1, "content_type": 19, "object_id": "19", "object_repr": "Identifica fen\u00f3menos globales que contextualizan los \u00e1mbitos de estudio? I019-CG06", "action_flag": 2, "change_message": "[{\"changed\": {\"fields\": [\"name\"]}}]"}}, {"model": "admin.logentry", "pk": 10, "fields": {"action_time": "2018-03-23T05:10:13.451Z", "user": 1, "content_type": 19, "object_id": "18", "object_repr": "Ordena y jerarquiza la informaci\u00f3n significativa? I018-CG07", "action_flag": 2, "change_message": "[]"}}, {"model": "admin.logentry", "pk": 11, "fields": {"action_time": "2018-03-23T05:10:20.489Z", "user": 1, "content_type": 19, "object_id": "17", "object_repr": "Comprende y valora los hechos culturales con una visi\u00f3n cr\u00edtica? I017-CE02", "action_flag": 2, "change_message": "[{\"changed\": {\"fields\": [\"name\"]}}]"}}, {"model": "admin.logentry", "pk": 12, "fields": {"action_time": "2018-03-23T05:10:37.760Z", "user": 1, "content_type": 19, "object_id": "16", "object_repr": "Utiliza herramientas de comunicaci\u00f3n para una efectiva transmisi\u00f3n de un argumento? I016-CG08", "action_flag": 2, "change_message": "[{\"changed\": {\"fields\": [\"description\", \"name\"]}}]"}}, {"model": "admin.logentry", "pk": 13, "fields": {"action_time": "2018-03-23T05:10:42.248Z", "user": 1, "content_type": 19, "object_id": "21", "object_repr": "Ordena y jerarquiza la informaci\u00f3n significativa? I021-CG07", "action_flag": 2, "change_message": "[]"}}, {"model": "admin.logentry", "pk": 14, "fields": {"action_time": "2018-03-23T05:10:52.237Z", "user": 1, "content_type": 19, "object_id": "20", "object_repr": "Aborda los ejercicios con un proceso ordenado y secuencial? I020-CE03", "action_flag": 2, "change_message": "[]"}}, {"model": "admin.logentry", "pk": 15, "fields": {"action_time": "2018-03-23T05:11:07.844Z", "user": 1, "content_type": 19, "object_id": "15", "object_repr": "Identifica aspectos globales a partir de determinantes locales y territoriales que contextualizan sus propuestas? I015-CG06", "action_flag": 2, "change_message": "[{\"changed\": {\"fields\": [\"name\"]}}]"}}, {"model": "admin.logentry", "pk": 16, "fields": {"action_time": "2018-03-23T05:11:15.810Z", "user": 1, "content_type": 19, "object_id": "14", "object_repr": "Analiza y sintetiza la informaci\u00f3n significativa? I014-CG07", "action_flag": 2, "change_message": "[]"}}, {"model": "admin.logentry", "pk": 17, "fields": {"action_time": "2018-03-23T05:11:22.432Z", "user": 1, "content_type": 19, "object_id": "13", "object_repr": "Comprende y valora las determinantes espaciales de una propuesta arquitect\u00f3nica? I013-CE02", "action_flag": 2, "change_message": "[{\"changed\": {\"fields\": [\"name\"]}}]"}}, {"model": "admin.logentry", "pk": 18, "fields": {"action_time": "2018-03-23T05:11:32.144Z", "user": 1, "content_type": 19, "object_id": "12", "object_repr": "Logra traducir las ideas en evidencias proyectuales? I012-CE04", "action_flag": 2, "change_message": "[{\"changed\": {\"fields\": [\"name\"]}}]"}}, {"model": "admin.logentry", "pk": 19, "fields": {"action_time": "2018-03-23T05:11:37.863Z", "user": 1, "content_type": 19, "object_id": "11", "object_repr": "Resuelve con rigor y precisi\u00f3n los desaf\u00edos constructivos planteados por el encargo? I011-CE04", "action_flag": 2, "change_message": "[{\"changed\": {\"fields\": [\"name\"]}}]"}}, {"model": "admin.logentry", "pk": 20, "fields": {"action_time": "2018-03-23T05:11:43.880Z", "user": 1, "content_type": 19, "object_id": "10", "object_repr": "Demuestra un proceso creativo como respuesta al ejercicio planteado? I010-CE01", "action_flag": 2, "change_message": "[{\"changed\": {\"fields\": [\"name\"]}}]"}}, {"model": "admin.logentry", "pk": 21, "fields": {"action_time": "2018-03-23T05:11:51.934Z", "user": 1, "content_type": 19, "object_id": "9", "object_repr": "Comprende que sus acciones repercuten en sus resultados acad\u00e9micos? I009-CG02", "action_flag": 2, "change_message": "[{\"changed\": {\"fields\": [\"name\"]}}]"}}, {"model": "admin.logentry", "pk": 22, "fields": {"action_time": "2018-03-23T05:12:00.318Z", "user": 1, "content_type": 19, "object_id": "8", "object_repr": "Comprende que sus decisiones proyectuales afectan el contexto en el que se insertan? I008-CG02", "action_flag": 2, "change_message": "[{\"changed\": {\"fields\": [\"name\"]}}]"}}, {"model": "admin.logentry", "pk": 23, "fields": {"action_time": "2018-03-23T05:12:06.006Z", "user": 1, "content_type": 19, "object_id": "7", "object_repr": "Utiliza herramientas de comunicaci\u00f3n para una rigurosa expresi\u00f3n de una propuesta arquitect\u00f3nica? I007-CG08", "action_flag": 2, "change_message": "[{\"changed\": {\"fields\": [\"name\"]}}]"}}, {"model": "admin.logentry", "pk": 24, "fields": {"action_time": "2018-03-23T05:12:12.206Z", "user": 1, "content_type": 19, "object_id": "6", "object_repr": "Utiliza herramientas de comunicaci\u00f3n para una rigurosa expresi\u00f3n de una propuesta arquitect\u00f3nica? I006-CG08", "action_flag": 2, "change_message": "[{\"changed\": {\"fields\": [\"description\", \"name\"]}}]"}}, {"model": "admin.logentry", "pk": 25, "fields": {"action_time": "2018-03-23T05:12:19.781Z", "user": 1, "content_type": 19, "object_id": "5", "object_repr": "Toma decisiones aut\u00f3nomas que le permiten abordar un proceso de aprendizaje. I005-CG04", "action_flag": 2, "change_message": "[{\"changed\": {\"fields\": [\"name\"]}}]"}}, {"model": "admin.logentry", "pk": 26, "fields": {"action_time": "2018-03-23T05:12:29.965Z", "user": 1, "content_type": 19, "object_id": "5", "object_repr": "Toma decisiones aut\u00f3nomas que le permiten abordar un proceso de aprendizaje. I005-CG04", "action_flag": 2, "change_message": "[]"}}, {"model": "admin.logentry", "pk": 27, "fields": {"action_time": "2018-03-23T05:12:36.769Z", "user": 1, "content_type": 19, "object_id": "4", "object_repr": "Comprende y valora las determinantes est\u00e9ticas de una composici\u00f3n? I004-CE02", "action_flag": 2, "change_message": "[{\"changed\": {\"fields\": [\"name\"]}}]"}}, {"model": "admin.logentry", "pk": 28, "fields": {"action_time": "2018-03-23T05:12:42.587Z", "user": 1, "content_type": 19, "object_id": "3", "object_repr": "Resuelve y construye con rigor y precisi\u00f3n los ejercicios planteados? I003-CE04", "action_flag": 2, "change_message": "[{\"changed\": {\"fields\": [\"name\"]}}]"}}, {"model": "admin.logentry", "pk": 29, "fields": {"action_time": "2018-03-23T05:12:48.387Z", "user": 1, "content_type": 19, "object_id": "2", "object_repr": "Demuestra un proceso creativo como respuesta al ejercicio planteado? I002-CE01", "action_flag": 2, "change_message": "[{\"changed\": {\"fields\": [\"name\"]}}]"}}, {"model": "admin.logentry", "pk": 30, "fields": {"action_time": "2018-03-23T05:12:58.594Z", "user": 1, "content_type": 19, "object_id": "1", "object_repr": "Selecciona y utiliza sus capacidades para el desarrollo de un trabajo? I001-CG04", "action_flag": 2, "change_message": "[{\"changed\": {\"fields\": [\"name\"]}}]"}}, {"model": "admin.logentry", "pk": 31, "fields": {"action_time": "2018-03-23T06:09:36.327Z", "user": 1, "content_type": 6, "object_id": "admin", "object_repr": "Admin admin", "action_flag": 1, "change_message": "[{\"added\": {}}]"}}, {"model": "admin.logentry", "pk": 32, "fields": {"action_time": "2018-03-23T06:09:39.495Z", "user": 1, "content_type": 8, "object_id": "1", "object_repr": "UserProfilesProgram object (1)", "action_flag": 2, "change_message": "[{\"changed\": {\"fields\": [\"profiles\"]}}]"}}, {"model": "admin.logentry", "pk": 33, "fields": {"action_time": "2018-03-23T06:12:45.601Z", "user": 1, "content_type": 7, "object_id": "2", "object_repr": "student@test.cl", "action_flag": 1, "change_message": "[{\"added\": {}}]"}}, {"model": "admin.logentry", "pk": 34, "fields": {"action_time": "2018-03-23T06:13:09.535Z", "user": 1, "content_type": 6, "object_id": "student", "object_repr": "Estudiante student", "action_flag": 1, "change_message": "[{\"added\": {}}]"}}, {"model": "admin.logentry", "pk": 35, "fields": {"action_time": "2018-03-23T06:13:11.337Z", "user": 1, "content_type": 8, "object_id": "2", "object_repr": "UserProfilesProgram object (2)", "action_flag": 1, "change_message": "[{\"added\": {}}]"}}, {"model": "admin.logentry", "pk": 36, "fields": {"action_time": "2018-03-23T06:13:29.484Z", "user": 1, "content_type": 23, "object_id": "1", "object_repr": "Curso TEST curso-test", "action_flag": 1, "change_message": "[{\"added\": {}}]"}}, {"model": "admin.logentry", "pk": 37, "fields": {"action_time": "2018-03-23T06:24:47.279Z", "user": 1, "content_type": 8, "object_id": "1", "object_repr": "UserProfilesProgram object (1)", "action_flag": 3, "change_message": ""}}, {"model": "admin.logentry", "pk": 38, "fields": {"action_time": "2018-03-23T06:25:51.389Z", "user": 1, "content_type": 8, "object_id": "3", "object_repr": "UserProfilesProgram object (3)", "action_flag": 1, "change_message": "[{\"added\": {}}]"}}, {"model": "admin.logentry", "pk": 39, "fields": {"action_time": "2018-03-23T06:30:05.121Z", "user": 1, "content_type": 9, "object_id": "1", "object_repr": "score score", "action_flag": 1, "change_message": "[{\"added\": {}}]"}}]